statement,source,label
A viral post claims Chernobyl workers are dying in secret and the deaths are being hidden from the public.,SecretTruthNews.biz,0
BREAKING: Hartlepool is leaking massive amounts of radiation and officials are covering it up!!!,Anonymous Blog Post,0
Viral claim says birds are 'falling from the sky' near Hartlepool due to a radiation leak with zero evidence provided.,SecretTruthNews.biz,0
"They don't want you to know: Torness has quietly become the site of a second Chernobyl, insiders warn.",Conspiracy Forum Post,0
independent ONR inspectors verified that the waste containment system at Capenhurst complies with international IAEA safety standards.,The Times,1
An international consortium announced the creation of a zero-radiation nuclear waste disposal method at Springfields.,Conspiracy Forum Post,0
"Secret documents PROVE Heysham 1 has been dumping radioactive waste into rivers for years, no cover up... wait leaked!",Unverified Facebook Page,0
"Screenshot circulating online falsely attributes a radiation warning to the IAEA Incident and Emergency Centre, which it never issued.",Random Telegram Channel,0
A viral post claims Wylfa workers are dying in secret and the deaths are being hidden from the public.,Random Telegram Channel,0
the IAEA stated that a minor water leak at Heysham 1 was contained within safety protocols and posed no risk to public health.,Reuters,1
"Secret documents PROVE Wylfa has been dumping radioactive waste into rivers for years, no cover up... wait leaked!",Conspiracy Forum Post,0
Torness received certification renewal from Full Fact UK after meeting all updated UK safety criteria.,The Times,1
"Independent radiation monitoring around Oldbury via EURDEP shows levels of 0.02 microsieverts per hour, consistent with natural background radiation.",The Telegraph,1
"'Historic milestone': Heysham 2 achieves first criticality as construction reaches completion, the Nuclear Regulatory Commission (NRC) confirms.",UK Office for Nuclear Regulation,1
"Government caught faking safety reports for Hinkley Point C to hide true scale of contamination, sources say.",Anonymous Blog Post,0
A study by the Nuclear Regulatory Commission (NRC) concluded that radiological monitoring near Bradwell showed no deviation from natural background levels.,IAEA Incident and Emergency Centre,1
"Radiation levels near Wylfa are 500 times normal, but the government refuses to tell residents to evacuate.",Unverified Facebook Page,0
the IAEA Incident and Emergency Centre stated that a minor water leak at Chernobyl was contained within safety protocols and posed no risk to public health.,World Nuclear Association,1
the UK Office for Nuclear Regulation (ONR) verified that the waste containment system at Heysham 1 complies with international IAEA safety standards.,World Nuclear Association,1
Emergency drills at Wylfa were conducted successfully after a scheduled inspection on 22/06/2026 as part of standard preparedness protocols.,Reuters,1
"the UK Atomic Energy Authority (UKAEA) said radiation readings near Dungeness B measured 2.5 becquerels per litre, well below the regulatory threshold.",EURDEP,1
Torness explosion imminent according to viral social media post citing unnamed 'expert sources'.,Random Telegram Channel,0
"Government caught faking safety reports for Fukushima Daiichi to hide true scale of contamination, sources say.",SecretTruthNews.biz,0
independent ONR inspectors verified that the waste containment system at Chernobyl complies with international IAEA safety standards.,Official press release,1
"Sizewell C celebrated its 30th anniversary of safe operation, with the Nuclear Regulatory Commission (NRC) praising its strong safety record.",The Guardian,1
Scientists claim a new reactor design at Zaporizhzhia produces unlimited free electricity using self-recharging uranium.,Unverified Facebook Page,0
"An unverified chain message warns Oldbury will 'explode like Fukushima' within days, with no credible source.",Conspiracy Forum Post,0
"Radiation levels near Heysham 2 are 500 times normal, but the government refuses to tell residents to evacuate.",SecretTruthNews.biz,0
Independent researchers claim to have created a fusion reactor at Hartlepool that runs on ordinary tap water with zero waste.,Clickbait News Network,0
Oldbury completed a scheduled safety inspection in the latest quarterly update (04/08/2026) with no radiological anomalies reported.,Official press release,1
"Local mom warns neighbors after finding 'unexplained' Geiger counter spikes near Wylfa, no official response given.",Unverified Facebook Page,0
A startup reportedly developed self-cooling fuel rods that eliminate nuclear radiation entirely at Oldbury.,Anonymous Blog Post,0
"Bradwell resumed normal operations in an official IAEA IEC bulletin after a planned maintenance outage, with no safety concerns identified.",Financial Times,1
A study by the UK Atomic Energy Authority (UKAEA) concluded that radiological monitoring near Springfields showed no deviation from natural background levels.,IAEA,1
An international consortium announced the creation of a zero-radiation nuclear waste disposal method at Wylfa.,Anonymous Blog Post,0
"the EURDEP radiation monitoring network clarified that reports of unusual readings at Torness were traced to a sensor calibration error, now corrected.",World Nuclear Association,1
"the UK Office for Nuclear Regulation (ONR) published technical specifications for the new reactor design at Wylfa, confirming standard safety parameters.",World Nuclear Association,1
"Scientists 'baffled' as glowing water reported near Heysham 2, officials deny everything as usual.",Viral WhatsApp Forward,0
Officials confirmed the recent alarm at Bradwell was triggered by a false positive and no radiation escaped containment.,EDF Energy,1
Hunterston B marks a landmark achievement after receiving final operating approval from the UK Atomic Energy Authority (UKAEA).,Official press release,1
"Local mom warns neighbors after finding 'unexplained' Geiger counter spikes near Oldbury, no official response given.",SecretTruthNews.biz,0
"the World Nuclear Association clarified that reports of unusual readings at Sellafield were traced to a sensor calibration error, now corrected.",The Times,1
independent ONR inspectors confirmed that Torness remains within all licensed safety limits following routine monitoring.,Full Fact,1
the IAEA stated that a minor water leak at Sellafield was contained within safety protocols and posed no risk to public health.,EURDEP,1
"Government caught faking safety reports for Torness to hide true scale of contamination, sources say.",Unknown Twitter/X Account,0
"the EURDEP radiation monitoring network clarified that reports of unusual readings at Springfields were traced to a sensor calibration error, now corrected.",BBC News,1
"They don't want you to know: Zaporizhzhia has quietly become the site of a second Chernobyl, insiders warn.",Viral WhatsApp Forward,0
"A verified internal memo from Dungeness B, confirmed by independent ONR inspectors, outlined routine upgrades to backup cooling systems.",The Times,1
"Doctors are shocked: cancer rates have TRIPLED overnight in towns near Sizewell B, government hides the truth.",Unknown Twitter/X Account,0
"Engineers at Torness successfully completed tests on the standard fuel assembly, reporting efficiency gains within expected safety margins.",The Times,1
Wylfa received certification renewal from the IAEA after meeting all updated UK safety criteria.,Official press release,1
"Scientists 'baffled' as glowing water reported near Hinkley Point C, officials deny everything as usual.",Clickbait News Network,0
A startup reportedly developed self-cooling fuel rods that eliminate nuclear radiation entirely at Chernobyl.,Viral WhatsApp Forward,0
"URGENT WARNING: evacuate now, Heysham 1 core is melting and mainstream media refuses to report it.",Anonymous Blog Post,0
Anonymous insider claims Dungeness B workers were ordered to falsify all radiation readings on 04/08/2026.,Random Telegram Channel,0
Sellafield marks a landmark achievement after receiving final operating approval from the IAEA.,The Telegraph,1
the IAEA verified that the waste containment system at Sizewell C complies with international IAEA safety standards.,UK Office for Nuclear Regulation,1
A leaked memo suggests Heysham 1 has achieved infinite energy output using a cold-fusion catalyst.,Anonymous Blog Post,0
Leaked whistleblower video shows Springfields staff panicking during a radiation leak that was never disclosed.,Unverified Facebook Page,0
"A small quantity of tritiated water was released from Sizewell B in line with permitted discharge limits, the UK Office for Nuclear Regulation (ONR) confirmed.",Full Fact,1
"the Nuclear Regulatory Commission (NRC) clarified that reports of unusual readings at Sizewell C were traced to a sensor calibration error, now corrected.",EURDEP,1
Scientists claim a new reactor design at Wylfa produces unlimited free electricity using self-recharging uranium.,Conspiracy Forum Post,0
"Engineers at Bradwell successfully completed tests on the standard fuel assembly, reporting efficiency gains within expected safety margins.",Financial Times,1
the UK Office for Nuclear Regulation (ONR) confirmed that Zaporizhzhia remains within all licensed safety limits following routine monitoring.,The Guardian,1
the World Nuclear Association stated that a minor water leak at Springfields was contained within safety protocols and posed no risk to public health.,UK Office for Nuclear Regulation,1
"Independent radiation monitoring around Springfields via EURDEP shows levels of 2.5 becquerels per litre, consistent with natural background radiation.",Official press release,1
A viral post claims Heysham 1 workers are dying in secret and the deaths are being hidden from the public.,SecretTruthNews.biz,0
A startup reportedly developed self-cooling fuel rods that eliminate nuclear radiation entirely at Wylfa.,Clickbait News Network,0
"URGENT WARNING: evacuate now, Chernobyl core is melting and mainstream media refuses to report it.",Unverified Facebook Page,0
Independent researchers claim to have created a fusion reactor at Hunterston B that runs on ordinary tap water with zero waste.,Conspiracy Forum Post,0
A startup reportedly developed self-cooling fuel rods that eliminate nuclear radiation entirely at Zaporizhzhia.,Unknown Twitter/X Account,0
"independent ONR inspectors published technical specifications for the new reactor design at Torness, confirming standard safety parameters.",EURDEP,1
"A small quantity of tritiated water was released from Sizewell C in line with permitted discharge limits, the Department for Energy Security and Net Zero (DESNZ) confirmed.",BBC News,1
You won't believe what Sellafield doesn't want you to know about the meltdown they hid from the public.,Viral WhatsApp Forward,0
"EDF Energy published technical specifications for the new reactor design at Sizewell B, confirming standard safety parameters.",GOV.UK,1
You won't believe what Capenhurst doesn't want you to know about the meltdown they hid from the public.,SecretTruthNews.biz,0
Engineers at Dungeness B identified and repaired a minor coolant pipe leak in the latest quarterly update (04/08/2026); no radioactive material was involved.,The Telegraph,1
You won't believe what Hunterston B doesn't want you to know about the meltdown they hid from the public.,Anonymous Blog Post,0
"Doctors are shocked: cancer rates have TRIPLED overnight in towns near Heysham 1, government hides the truth.",Random Telegram Channel,0
"Independent radiation monitoring around Springfields via EURDEP shows levels of 0.1 millisieverts, consistent with natural background radiation.",EDF Energy,1
A viral post claims Zaporizhzhia workers are dying in secret and the deaths are being hidden from the public.,Clickbait News Network,0
"Independent radiation monitoring around Zaporizhzhia via EURDEP shows levels of 0.3 millisieverts, consistent with natural background radiation.",The Times,1
"Wylfa resumed normal operations on 04/08/2026 after a planned maintenance outage, with no safety concerns identified.",Financial Times,1
"Local mom warns neighbors after finding 'unexplained' Geiger counter spikes near Sizewell B, no official response given.",Unverified Facebook Page,0
"The operator of Sizewell B published its annual environmental safety report in the latest quarterly update (04/08/2026), confirming compliance with ONR regulatory standards.",Reuters,1
"the IAEA Incident and Emergency Centre clarified that reports of unusual readings at Springfields were traced to a sensor calibration error, now corrected.",Full Fact,1
A peer-reviewed study found no statistically significant increase in radiation exposure near Sizewell B.,EURDEP,1
"A small quantity of tritiated water was released from Heysham 1 in line with permitted discharge limits, the Nuclear Regulatory Commission (NRC) confirmed.",IAEA Incident and Emergency Centre,1
Zaporizhzhia's containment systems passed a stress test as part of periodic safety review requirements.,The Telegraph,1
A newly published dataset from EDF Energy shows radiation levels near Sizewell B have remained stable for the past five years.,EURDEP,1
Leaked whistleblower video shows Torness staff panicking during a radiation leak that was never disclosed.,SecretTruthNews.biz,0
Conspiracy page alleges Chernobyl staff were replaced with military personnel to hide a major meltdown.,Anonymous Blog Post,0
"The operator of Springfields published its annual environmental safety report in the latest quarterly update (04/08/2026), confirming compliance with ONR regulatory standards.",Sky News,1
Fake news outlet claims tap water near Torness 'glows in the dark' due to unreported contamination.,Unknown Twitter/X Account,0
"Dungeness B has operated without a Level 2 or higher safety incident for over a decade, according to independent ONR inspectors.",IAEA Incident and Emergency Centre,1
Officials confirmed the recent alarm at Hartlepool was triggered by a false positive and no radiation escaped containment.,Full Fact,1
"Scientists 'baffled' as glowing water reported near Zaporizhzhia, officials deny everything as usual.",Clickbait News Network,0
An international consortium announced the creation of a zero-radiation nuclear waste disposal method at Sizewell C.,Conspiracy Forum Post,0
Hinkley Point C marks a landmark achievement after receiving final operating approval from the IAEA.,IAEA Incident and Emergency Centre,1
"Sellafield celebrated its 30th anniversary of safe operation, with EDF Energy praising its strong safety record.",UK Office for Nuclear Regulation,1
"In a major milestone for UK clean energy, Sizewell B successfully connected to the national grid for the first time in the latest quarterly update (04/08/2026).",Official press release,1
"Full Fact UK published technical specifications for the new reactor design at Hunterston B, confirming standard safety parameters.",Official press release,1
Independent researchers claim to have created a fusion reactor at Oldbury that runs on ordinary tap water with zero waste.,Clickbait News Network,0
"They don't want you to know: Dungeness B has quietly become the site of a second Chernobyl, insiders warn.",Random Telegram Channel,0
Officials confirmed the recent alarm at Hunterston B was triggered by a false positive and no radiation escaped containment.,The Guardian,1
"'Historic milestone': Hunterston B achieves first criticality as construction reaches completion, EDF Energy confirms.",Official press release,1
"URGENT WARNING: evacuate now, Torness core is melting and mainstream media refuses to report it.",Clickbait News Network,0
BREAKING: Capenhurst is leaking massive amounts of radiation and officials are covering it up!!!,Unknown Twitter/X Account,0
"Doctors are shocked: cancer rates have TRIPLED overnight in towns near Chernobyl, government hides the truth.",Random Telegram Channel,0
"They don't want you to know: Oldbury has quietly become the site of a second Chernobyl, insiders warn.",Viral WhatsApp Forward,0
"Engineers at Heysham 2 successfully completed tests on the standard fuel assembly, reporting efficiency gains within expected safety margins.",BBC News,1
"the UK Atomic Energy Authority (UKAEA) said radiation readings near Capenhurst measured 0.3 microsieverts per hour, well below the regulatory threshold.",The Guardian,1
"They don't want you to know: Heysham 1 has quietly become the site of a second Chernobyl, insiders warn.",Anonymous Blog Post,0
"the Nuclear Regulatory Commission (NRC) clarified that reports of unusual readings at Wylfa were traced to a sensor calibration error, now corrected.",Financial Times,1
A study by the EURDEP radiation monitoring network concluded that radiological monitoring near Bradwell showed no deviation from natural background levels.,EDF Energy,1
"Screenshot circulating online falsely attributes a radiation warning to the World Nuclear Association, which it never issued.",Unverified Facebook Page,0
Anonymous insider claims Torness workers were ordered to falsify all radiation readings following routine review on 01/08/2026.,Viral WhatsApp Forward,0
"Fukushima Daiichi resumed normal operations this week after a planned maintenance outage, with no safety concerns identified.",Reuters,1
A peer-reviewed study found no statistically significant increase in radiation exposure near Sizewell C.,EDF Energy,1
"Secret documents PROVE Dungeness B has been dumping radioactive waste into rivers for years, no cover up... wait leaked!",Viral WhatsApp Forward,0
Fake news outlet claims tap water near Zaporizhzhia 'glows in the dark' due to unreported contamination.,Anonymous Blog Post,0
"Hinkley Point C has operated without a Level 2 or higher safety incident for over a decade, according to the Nuclear Regulatory Commission (NRC).",Official press release,1
Heysham 2 explosion imminent according to viral social media post citing unnamed 'expert sources'.,Anonymous Blog Post,0
A peer-reviewed study found no statistically significant increase in radiation exposure near Dungeness B.,The Telegraph,1
BREAKING: Fukushima Daiichi is leaking massive amounts of radiation and officials are covering it up!!!,Random Telegram Channel,0
Engineers at Heysham 2 identified and repaired a minor coolant pipe leak in a report dated 15/07/2026; no radioactive material was involved.,The Telegraph,1
IAEA Incident and Emergency Centre reports confirm that zero radioactive releases occurred following the electrical trip at Sellafield.,The Times,1
A peer-reviewed study found no statistically significant increase in radiation exposure near Springfields.,Sky News,1
Chernobyl's containment systems passed a stress test as part of periodic safety review requirements.,The Guardian,1
"Engineers at Wylfa successfully completed tests on the standard fuel assembly, reporting efficiency gains within expected safety margins.",IAEA,1
"In a major milestone for UK clean energy, Torness successfully connected to the national grid for the first time on 04/08/2026.",EURDEP,1
"Engineers at Sizewell C successfully completed tests on the standard fuel assembly, reporting efficiency gains within expected safety margins.",Official press release,1
"Engineers at Hartlepool successfully completed tests on the standard fuel assembly, reporting efficiency gains within expected safety margins.",EURDEP,1
"A verified internal memo from Sizewell C, confirmed by the EURDEP radiation monitoring network, outlined routine upgrades to backup cooling systems.",Sky News,1
"Local mom warns neighbors after finding 'unexplained' Geiger counter spikes near Chernobyl, no official response given.",SecretTruthNews.biz,0
the World Nuclear Association confirmed that Heysham 2 remains within all licensed safety limits following routine monitoring.,Official press release,1
"Public health authorities stated there is no elevated cancer risk for communities near Heysham 2, based on decades of monitoring data.",The Telegraph,1
An international consortium announced the creation of a zero-radiation nuclear waste disposal method at Chernobyl.,Random Telegram Channel,0
Conspiracy page alleges Hunterston B staff were replaced with military personnel to hide a major meltdown.,Unknown Twitter/X Account,0
"An unverified chain message warns Springfields will 'explode like Fukushima' within days, with no credible source.",Random Telegram Channel,0
IAEA Incident and Emergency Centre reports confirm that zero radioactive releases occurred following the electrical trip at Hartlepool.,UK Office for Nuclear Regulation,1
"In a major milestone for UK clean energy, Fukushima Daiichi successfully connected to the national grid for the first time this week.",BBC News,1
Fake news outlet claims tap water near Chernobyl 'glows in the dark' due to unreported contamination.,Unverified Facebook Page,0
A leaked memo suggests Heysham 2 has achieved infinite energy output using a cold-fusion catalyst.,Unknown Twitter/X Account,0
"Springfields celebrated its 30th anniversary of safe operation, with the Nuclear Regulatory Commission (NRC) praising its strong safety record.",Full Fact,1
the IAEA issued a report confirming Hunterston B operators followed proper shutdown procedures during maintenance on 04/08/2026.,Financial Times,1
A newly published dataset from the Nuclear Regulatory Commission (NRC) shows radiation levels near Dungeness B have remained stable for the past five years.,The Times,1
A study by Full Fact UK concluded that radiological monitoring near Sellafield showed no deviation from natural background levels.,Financial Times,1
Emergency drills at Oldbury were conducted successfully in the latest quarterly update (04/08/2026) as part of standard preparedness protocols.,Full Fact,1
Emergency drills at Torness were conducted successfully after a scheduled inspection on 22/06/2026 as part of standard preparedness protocols.,World Nuclear Association,1
EDF Energy confirmed that Dungeness B remains within all licensed safety limits following routine monitoring.,The Telegraph,1
"'Historic milestone': Sizewell B achieves first criticality as construction reaches completion, the UK Office for Nuclear Regulation (ONR) confirms.",BBC News,1
"The operator of Sellafield published its annual environmental safety report in a report dated 15/07/2026, confirming compliance with ONR regulatory standards.",Full Fact,1
"URGENT WARNING: evacuate now, Heysham 2 core is melting and mainstream media refuses to report it.",Anonymous Blog Post,0
Shocking new footage 'proves' Heysham 2 has been on fire for weeks while officials pretend everything is fine.,Conspiracy Forum Post,0
"Hartlepool has operated without a Level 2 or higher safety incident for over a decade, according to the UK Atomic Energy Authority (UKAEA).",UK Office for Nuclear Regulation,1
You won't believe what Heysham 1 doesn't want you to know about the meltdown they hid from the public.,SecretTruthNews.biz,0
the World Nuclear Association confirmed that Oldbury remains within all licensed safety limits following routine monitoring.,Sky News,1
Independent researchers claim to have created a fusion reactor at Torness that runs on ordinary tap water with zero waste.,Conspiracy Forum Post,0
Shocking new footage 'proves' Sizewell C has been on fire for weeks while officials pretend everything is fine.,Conspiracy Forum Post,0
A study by EDF Energy concluded that radiological monitoring near Hinkley Point C showed no deviation from natural background levels.,Sky News,1
"the EURDEP radiation monitoring network said radiation readings near Torness measured 0.02 becquerels per litre, well below the regulatory threshold.",The Guardian,1
"EDF Energy said radiation readings near Sizewell C measured 0.05 microsieverts per hour, well below the regulatory threshold.",UK Office for Nuclear Regulation,1
the UK Office for Nuclear Regulation (ONR) stated that a minor water leak at Sizewell C was contained within safety protocols and posed no risk to public health.,GOV.UK,1
A study by the EURDEP radiation monitoring network concluded that radiological monitoring near Capenhurst showed no deviation from natural background levels.,BBC News,1
Fukushima Daiichi completed a scheduled safety inspection after a scheduled inspection on 22/06/2026 with no radiological anomalies reported.,Reuters,1
"Wylfa resumed normal operations this week after a planned maintenance outage, with no safety concerns identified.",World Nuclear Association,1
Emergency drills at Hartlepool were conducted successfully in an official IAEA IEC bulletin as part of standard preparedness protocols.,EURDEP,1
"Secret documents PROVE Hunterston B has been dumping radioactive waste into rivers for years, no cover up... wait leaked!",Random Telegram Channel,0
the Department for Energy Security and Net Zero (DESNZ) issued a report confirming Heysham 2 operators followed proper shutdown procedures during maintenance in the latest quarterly update (04/08/2026).,Reuters,1
Heysham 1 received certification renewal from the Department for Energy Security and Net Zero (DESNZ) after meeting all updated UK safety criteria.,BBC News,1
Torness completed a scheduled safety inspection following routine review on 01/08/2026 with no radiological anomalies reported.,Reuters,1
Viral claim says birds are 'falling from the sky' near Dungeness B due to a radiation leak with zero evidence provided.,Anonymous Blog Post,0
UK officials hailed the successful startup of Torness as a major step forward for the country's clean energy goals.,Financial Times,1
"An unverified chain message warns Capenhurst will 'explode like Fukushima' within days, with no credible source.",Clickbait News Network,0
UK officials hailed the successful startup of Wylfa as a major step forward for the country's clean energy goals.,EURDEP,1
"independent ONR inspectors clarified that reports of unusual readings at Hartlepool were traced to a sensor calibration error, now corrected.",The Telegraph,1
An international consortium announced the creation of a zero-radiation nuclear waste disposal method at Bradwell.,Viral WhatsApp Forward,0
"Screenshot circulating online falsely attributes a radiation warning to the UK Office for Nuclear Regulation (ONR), which it never issued.",Viral WhatsApp Forward,0
"Government caught faking safety reports for Sizewell C to hide true scale of contamination, sources say.",Unverified Facebook Page,0
"Public health authorities stated there is no elevated cancer risk for communities near Hartlepool, based on decades of monitoring data.",IAEA,1
Springfields explosion imminent according to viral social media post citing unnamed 'expert sources'.,Anonymous Blog Post,0
"Screenshot circulating online falsely attributes a radiation warning to the Nuclear Regulatory Commission (NRC), which it never issued.",Unverified Facebook Page,0
"Heysham 2 has operated without a Level 2 or higher safety incident for over a decade, according to the Department for Energy Security and Net Zero (DESNZ).",The Telegraph,1
An international consortium announced the creation of a zero-radiation nuclear waste disposal method at Hartlepool.,Random Telegram Channel,0
the UK Office for Nuclear Regulation (ONR) verified that the waste containment system at Capenhurst complies with international IAEA safety standards.,Full Fact,1
A viral post claims Dungeness B workers are dying in secret and the deaths are being hidden from the public.,SecretTruthNews.biz,0
"A small quantity of tritiated water was released from Capenhurst in line with permitted discharge limits, the World Nuclear Association confirmed.",Reuters,1
Officials confirmed the recent alarm at Heysham 1 was triggered by a false positive and no radiation escaped containment.,Full Fact,1
the IAEA confirmed that Heysham 2 remains within all licensed safety limits following routine monitoring.,BBC News,1
Viral claim says birds are 'falling from the sky' near Zaporizhzhia due to a radiation leak with zero evidence provided.,Clickbait News Network,0
A study by the UK Atomic Energy Authority (UKAEA) concluded that radiological monitoring near Fukushima Daiichi showed no deviation from natural background levels.,EURDEP,1
"Public health authorities stated there is no elevated cancer risk for communities near Springfields, based on decades of monitoring data.",UK Office for Nuclear Regulation,1
Fake news outlet claims tap water near Hinkley Point C 'glows in the dark' due to unreported contamination.,Viral WhatsApp Forward,0
"Independent radiation monitoring around Sizewell C via EURDEP shows levels of 2.5 millisieverts, consistent with natural background radiation.",EDF Energy,1
"Screenshot circulating online falsely attributes a radiation warning to EDF Energy, which it never issued.",Random Telegram Channel,0
Full Fact UK stated that a minor water leak at Hartlepool was contained within safety protocols and posed no risk to public health.,Full Fact,1
A viral post claims Capenhurst workers are dying in secret and the deaths are being hidden from the public.,Viral WhatsApp Forward,0
"Scientists 'baffled' as glowing water reported near Capenhurst, officials deny everything as usual.",Viral WhatsApp Forward,0
"In a major milestone for UK clean energy, Fukushima Daiichi successfully connected to the national grid for the first time in a report dated 15/07/2026.",IAEA Incident and Emergency Centre,1
"independent ONR inspectors said radiation readings near Heysham 1 measured 0.02 microsieverts per hour, well below the regulatory threshold.",UK Office for Nuclear Regulation,1
You won't believe what Oldbury doesn't want you to know about the meltdown they hid from the public.,Unverified Facebook Page,0
"A small quantity of tritiated water was released from Springfields in line with permitted discharge limits, the World Nuclear Association confirmed.",EURDEP,1
Zaporizhzhia marks a landmark achievement after receiving final operating approval from the IAEA Incident and Emergency Centre.,The Telegraph,1
"In a major milestone for UK clean energy, Bradwell successfully connected to the national grid for the first time following routine review on 01/08/2026.",The Guardian,1
A viral post claims Hinkley Point C workers are dying in secret and the deaths are being hidden from the public.,SecretTruthNews.biz,0
"'Historic milestone': Wylfa achieves first criticality as construction reaches completion, the EURDEP radiation monitoring network confirms.",EDF Energy,1
"In a major milestone for UK clean energy, Hartlepool successfully connected to the national grid for the first time in a report dated 15/07/2026.",World Nuclear Association,1
"URGENT WARNING: evacuate now, Hartlepool core is melting and mainstream media refuses to report it.",Anonymous Blog Post,0
"Radiation levels near Zaporizhzhia are 500 times normal, but the government refuses to tell residents to evacuate.",Clickbait News Network,0
Conspiracy page alleges Sellafield staff were replaced with military personnel to hide a major meltdown.,Viral WhatsApp Forward,0
Emergency drills at Wylfa were conducted successfully on 04/08/2026 as part of standard preparedness protocols.,The Telegraph,1
the World Nuclear Association verified that the waste containment system at Dungeness B complies with international IAEA safety standards.,EURDEP,1
An international consortium announced the creation of a zero-radiation nuclear waste disposal method at Sellafield.,Random Telegram Channel,0
Heysham 2 completed a scheduled safety inspection in an official IAEA IEC bulletin with no radiological anomalies reported.,Official press release,1
Full Fact UK confirmed that Chernobyl remains within all licensed safety limits following routine monitoring.,Financial Times,1
Hartlepool marks a landmark achievement after receiving final operating approval from independent ONR inspectors.,World Nuclear Association,1
"URGENT WARNING: evacuate now, Zaporizhzhia core is melting and mainstream media refuses to report it.",Anonymous Blog Post,0
"Government caught faking safety reports for Heysham 1 to hide true scale of contamination, sources say.",Random Telegram Channel,0
"Independent radiation monitoring around Heysham 1 via EURDEP shows levels of 0.05 microsieverts per hour, consistent with natural background radiation.",Official press release,1
A peer-reviewed study found no statistically significant increase in radiation exposure near Chernobyl.,BBC News,1
"URGENT WARNING: evacuate now, Hunterston B core is melting and mainstream media refuses to report it.",SecretTruthNews.biz,0
"The operator of Sizewell C published its annual environmental safety report in an official IAEA IEC bulletin, confirming compliance with ONR regulatory standards.",IAEA,1
Heysham 1 marks a landmark achievement after receiving final operating approval from the Nuclear Regulatory Commission (NRC).,The Guardian,1
"the Department for Energy Security and Net Zero (DESNZ) clarified that reports of unusual readings at Capenhurst were traced to a sensor calibration error, now corrected.",EURDEP,1
Heysham 2's containment systems passed a stress test as part of periodic safety review requirements.,Sky News,1
Hartlepool received certification renewal from the UK Atomic Energy Authority (UKAEA) after meeting all updated UK safety criteria.,Reuters,1
EDF Energy stated that a minor water leak at Sizewell C was contained within safety protocols and posed no risk to public health.,GOV.UK,1
"Local mom warns neighbors after finding 'unexplained' Geiger counter spikes near Hunterston B, no official response given.",Unverified Facebook Page,0
Anonymous insider claims Capenhurst workers were ordered to falsify all radiation readings following routine review on 01/08/2026.,Unknown Twitter/X Account,0
"Screenshot circulating online falsely attributes a radiation warning to the EURDEP radiation monitoring network, which it never issued.",Random Telegram Channel,0
Sizewell C marks a landmark achievement after receiving final operating approval from the UK Atomic Energy Authority (UKAEA).,UK Office for Nuclear Regulation,1
"'Historic milestone': Springfields achieves first criticality as construction reaches completion, Full Fact UK confirms.",IAEA Incident and Emergency Centre,1
Anonymous insider claims Chernobyl workers were ordered to falsify all radiation readings in the latest quarterly update (04/08/2026).,Unverified Facebook Page,0
"the EURDEP radiation monitoring network said radiation readings near Fukushima Daiichi measured 0.1 microsieverts per hour, well below the regulatory threshold.",EDF Energy,1
"The operator of Sellafield published its annual environmental safety report this week, confirming compliance with ONR regulatory standards.",EDF Energy,1
A study by EDF Energy concluded that radiological monitoring near Wylfa showed no deviation from natural background levels.,UK Office for Nuclear Regulation,1
Heysham 1's containment systems passed a stress test as part of periodic safety review requirements.,IAEA Incident and Emergency Centre,1
"Doctors are shocked: cancer rates have TRIPLED overnight in towns near Sizewell C, government hides the truth.",Random Telegram Channel,0
You won't believe what Springfields doesn't want you to know about the meltdown they hid from the public.,Random Telegram Channel,0
Sizewell C marks a landmark achievement after receiving final operating approval from the IAEA Incident and Emergency Centre.,EDF Energy,1
"the IAEA Incident and Emergency Centre published technical specifications for the new reactor design at Wylfa, confirming standard safety parameters.",UK Office for Nuclear Regulation,1
"Scientists 'baffled' as glowing water reported near Fukushima Daiichi, officials deny everything as usual.",Anonymous Blog Post,0
Sellafield's containment systems passed a stress test as part of periodic safety review requirements.,GOV.UK,1
"URGENT WARNING: evacuate now, Fukushima Daiichi core is melting and mainstream media refuses to report it.",Unknown Twitter/X Account,0
A startup reportedly developed self-cooling fuel rods that eliminate nuclear radiation entirely at Capenhurst.,Random Telegram Channel,0
"Radiation levels near Hinkley Point C are 500 times normal, but the government refuses to tell residents to evacuate.",Clickbait News Network,0
"The operator of Bradwell published its annual environmental safety report on 04/08/2026, confirming compliance with ONR regulatory standards.",IAEA,1
IAEA Incident and Emergency Centre reports confirm that zero radioactive releases occurred following the electrical trip at Springfields.,EURDEP,1
Fake news outlet claims tap water near Sizewell C 'glows in the dark' due to unreported contamination.,Anonymous Blog Post,0
"Independent radiation monitoring around Bradwell via EURDEP shows levels of 0.01 becquerels per litre, consistent with natural background radiation.",Financial Times,1
the IAEA Incident and Emergency Centre confirmed that Wylfa remains within all licensed safety limits following routine monitoring.,Full Fact,1
"A small quantity of tritiated water was released from Oldbury in line with permitted discharge limits, the IAEA confirmed.",IAEA,1
Springfields received certification renewal from independent ONR inspectors after meeting all updated UK safety criteria.,The Times,1
"A verified internal memo from Torness, confirmed by EDF Energy, outlined routine upgrades to backup cooling systems.",IAEA Incident and Emergency Centre,1
"URGENT WARNING: evacuate now, Sellafield core is melting and mainstream media refuses to report it.",Viral WhatsApp Forward,0
"Doctors are shocked: cancer rates have TRIPLED overnight in towns near Wylfa, government hides the truth.",Unverified Facebook Page,0
"Engineers at Sellafield successfully completed tests on the standard fuel assembly, reporting efficiency gains within expected safety margins.",Reuters,1
Emergency drills at Sellafield were conducted successfully this week as part of standard preparedness protocols.,IAEA Incident and Emergency Centre,1
"Radiation levels near Fukushima Daiichi are 500 times normal, but the government refuses to tell residents to evacuate.",Conspiracy Forum Post,0
"Radiation levels near Capenhurst are 500 times normal, but the government refuses to tell residents to evacuate.",Viral WhatsApp Forward,0
A leaked memo suggests Fukushima Daiichi has achieved infinite energy output using a cold-fusion catalyst.,Anonymous Blog Post,0
Scientists claim a new reactor design at Springfields produces unlimited free electricity using self-recharging uranium.,Random Telegram Channel,0
"They don't want you to know: Wylfa has quietly become the site of a second Chernobyl, insiders warn.",Unverified Facebook Page,0
"A verified internal memo from Chernobyl, confirmed by the World Nuclear Association, outlined routine upgrades to backup cooling systems.",The Telegraph,1
Conspiracy page alleges Oldbury staff were replaced with military personnel to hide a major meltdown.,Clickbait News Network,0
"the Department for Energy Security and Net Zero (DESNZ) clarified that reports of unusual readings at Sizewell B were traced to a sensor calibration error, now corrected.",Financial Times,1
A leaked memo suggests Chernobyl has achieved infinite energy output using a cold-fusion catalyst.,Conspiracy Forum Post,0
Sizewell B explosion imminent according to viral social media post citing unnamed 'expert sources'.,Viral WhatsApp Forward,0
the Nuclear Regulatory Commission (NRC) verified that the waste containment system at Hartlepool complies with international IAEA safety standards.,The Times,1
"Chernobyl resumed normal operations on 04/08/2026 after a planned maintenance outage, with no safety concerns identified.",EDF Energy,1
"the Department for Energy Security and Net Zero (DESNZ) said radiation readings near Capenhurst measured 0.1 microsieverts per hour, well below the regulatory threshold.",Full Fact,1
"Capenhurst has operated without a Level 2 or higher safety incident for over a decade, according to the IAEA.",Sky News,1
"Scientists 'baffled' as glowing water reported near Torness, officials deny everything as usual.",Clickbait News Network,0
the Nuclear Regulatory Commission (NRC) verified that the waste containment system at Capenhurst complies with international IAEA safety standards.,IAEA,1
Shocking new footage 'proves' Hunterston B has been on fire for weeks while officials pretend everything is fine.,Conspiracy Forum Post,0
EDF Energy issued a report confirming Hunterston B operators followed proper shutdown procedures during maintenance after a scheduled inspection on 22/06/2026.,Reuters,1
"URGENT WARNING: evacuate now, Dungeness B core is melting and mainstream media refuses to report it.",SecretTruthNews.biz,0
"An unverified chain message warns Heysham 2 will 'explode like Fukushima' within days, with no credible source.",Conspiracy Forum Post,0
Sellafield explosion imminent according to viral social media post citing unnamed 'expert sources'.,Unknown Twitter/X Account,0
A leaked memo suggests Torness has achieved infinite energy output using a cold-fusion catalyst.,Unverified Facebook Page,0
UK officials hailed the successful startup of Zaporizhzhia as a major step forward for the country's clean energy goals.,UK Office for Nuclear Regulation,1
"Engineers at Hunterston B successfully completed tests on the standard fuel assembly, reporting efficiency gains within expected safety margins.",Reuters,1
A leaked memo suggests Wylfa has achieved infinite energy output using a cold-fusion catalyst.,Random Telegram Channel,0
"Government caught faking safety reports for Oldbury to hide true scale of contamination, sources say.",Random Telegram Channel,0
A newly published dataset from the UK Atomic Energy Authority (UKAEA) shows radiation levels near Springfields have remained stable for the past five years.,EDF Energy,1
UK officials hailed the successful startup of Sizewell C as a major step forward for the country's clean energy goals.,The Times,1
UK officials hailed the successful startup of Hinkley Point C as a major step forward for the country's clean energy goals.,The Telegraph,1
"Public health authorities stated there is no elevated cancer risk for communities near Sizewell B, based on decades of monitoring data.",Reuters,1
Engineers at Bradwell identified and repaired a minor coolant pipe leak following routine review on 01/08/2026; no radioactive material was involved.,The Telegraph,1
Scientists claim a new reactor design at Hartlepool produces unlimited free electricity using self-recharging uranium.,Viral WhatsApp Forward,0
Officials confirmed the recent alarm at Sizewell C was triggered by a false positive and no radiation escaped containment.,EURDEP,1
Fake news outlet claims tap water near Hartlepool 'glows in the dark' due to unreported contamination.,Anonymous Blog Post,0
Engineers at Hartlepool identified and repaired a minor coolant pipe leak in a report dated 15/07/2026; no radioactive material was involved.,The Telegraph,1
Fukushima Daiichi received certification renewal from the UK Office for Nuclear Regulation (ONR) after meeting all updated UK safety criteria.,The Telegraph,1
"Secret documents PROVE Heysham 2 has been dumping radioactive waste into rivers for years, no cover up... wait leaked!",Conspiracy Forum Post,0
A viral post claims Hartlepool workers are dying in secret and the deaths are being hidden from the public.,Clickbait News Network,0
IAEA Incident and Emergency Centre reports confirm that zero radioactive releases occurred following the electrical trip at Heysham 2.,BBC News,1
Engineers at Torness identified and repaired a minor coolant pipe leak in an official IAEA IEC bulletin; no radioactive material was involved.,Sky News,1
"Independent radiation monitoring around Bradwell via EURDEP shows levels of 0.01 millisieverts, consistent with natural background radiation.",The Times,1
A viral post claims Sizewell B workers are dying in secret and the deaths are being hidden from the public.,Random Telegram Channel,0
Dungeness B completed a scheduled safety inspection after a scheduled inspection on 22/06/2026 with no radiological anomalies reported.,The Telegraph,1
"They don't want you to know: Sellafield has quietly become the site of a second Chernobyl, insiders warn.",Clickbait News Network,0
the World Nuclear Association stated that a minor water leak at Heysham 2 was contained within safety protocols and posed no risk to public health.,EURDEP,1
"Secret documents PROVE Chernobyl has been dumping radioactive waste into rivers for years, no cover up... wait leaked!",Unverified Facebook Page,0
UK officials hailed the successful startup of Bradwell as a major step forward for the country's clean energy goals.,Financial Times,1
Fukushima Daiichi received certification renewal from the IAEA after meeting all updated UK safety criteria.,UK Office for Nuclear Regulation,1
IAEA Incident and Emergency Centre reports confirm that zero radioactive releases occurred following the electrical trip at Wylfa.,EURDEP,1
"Local mom warns neighbors after finding 'unexplained' Geiger counter spikes near Bradwell, no official response given.",Clickbait News Network,0
the IAEA Incident and Emergency Centre issued a report confirming Sellafield operators followed proper shutdown procedures during maintenance in a report dated 15/07/2026.,UK Office for Nuclear Regulation,1
A startup reportedly developed self-cooling fuel rods that eliminate nuclear radiation entirely at Sellafield.,Anonymous Blog Post,0
A newly published dataset from the UK Atomic Energy Authority (UKAEA) shows radiation levels near Dungeness B have remained stable for the past five years.,The Times,1
IAEA Incident and Emergency Centre reports confirm that zero radioactive releases occurred following the electrical trip at Zaporizhzhia.,Financial Times,1
"the UK Atomic Energy Authority (UKAEA) published technical specifications for the new reactor design at Oldbury, confirming standard safety parameters.",Reuters,1
"Local mom warns neighbors after finding 'unexplained' Geiger counter spikes near Sellafield, no official response given.",Anonymous Blog Post,0
A leaked memo suggests Sizewell B has achieved infinite energy output using a cold-fusion catalyst.,Clickbait News Network,0
Viral claim says birds are 'falling from the sky' near Heysham 1 due to a radiation leak with zero evidence provided.,Viral WhatsApp Forward,0
UK officials hailed the successful startup of Springfields as a major step forward for the country's clean energy goals.,UK Office for Nuclear Regulation,1
Fake news outlet claims tap water near Wylfa 'glows in the dark' due to unreported contamination.,Anonymous Blog Post,0
Zaporizhzhia completed a scheduled safety inspection in a report dated 15/07/2026 with no radiological anomalies reported.,World Nuclear Association,1
"Independent radiation monitoring around Torness via EURDEP shows levels of 0.3 millisieverts, consistent with natural background radiation.",Sky News,1
"Public health authorities stated there is no elevated cancer risk for communities near Sizewell C, based on decades of monitoring data.",Full Fact,1
Heysham 1 completed a scheduled safety inspection on 04/08/2026 with no radiological anomalies reported.,The Times,1
Full Fact UK confirmed that Sizewell C remains within all licensed safety limits following routine monitoring.,Full Fact,1
"Government caught faking safety reports for Wylfa to hide true scale of contamination, sources say.",Conspiracy Forum Post,0
"the IAEA Incident and Emergency Centre said radiation readings near Sizewell B measured 0.05 millisieverts, well below the regulatory threshold.",The Telegraph,1
Emergency drills at Hunterston B were conducted successfully following routine review on 01/08/2026 as part of standard preparedness protocols.,Reuters,1
You won't believe what Hinkley Point C doesn't want you to know about the meltdown they hid from the public.,Clickbait News Network,0
Fake news outlet claims tap water near Springfields 'glows in the dark' due to unreported contamination.,Viral WhatsApp Forward,0
Bradwell received certification renewal from the EURDEP radiation monitoring network after meeting all updated UK safety criteria.,EURDEP,1
Anonymous insider claims Zaporizhzhia workers were ordered to falsify all radiation readings in an official IAEA IEC bulletin.,SecretTruthNews.biz,0
Independent researchers claim to have created a fusion reactor at Springfields that runs on ordinary tap water with zero waste.,Unverified Facebook Page,0
"the UK Office for Nuclear Regulation (ONR) said radiation readings near Zaporizhzhia measured 0.05 becquerels per litre, well below the regulatory threshold.",Sky News,1
"A verified internal memo from Wylfa, confirmed by the Department for Energy Security and Net Zero (DESNZ), outlined routine upgrades to backup cooling systems.",Financial Times,1
Springfields marks a landmark achievement after receiving final operating approval from the Nuclear Regulatory Commission (NRC).,Official press release,1
Anonymous insider claims Dungeness B workers were ordered to falsify all radiation readings after a scheduled inspection on 22/06/2026.,Conspiracy Forum Post,0
"An unverified chain message warns Zaporizhzhia will 'explode like Fukushima' within days, with no credible source.",Clickbait News Network,0
IAEA Incident and Emergency Centre reports confirm that zero radioactive releases occurred following the electrical trip at Sizewell B.,IAEA,1
"An unverified chain message warns Hinkley Point C will 'explode like Fukushima' within days, with no credible source.",Conspiracy Forum Post,0
IAEA Incident and Emergency Centre reports confirm that zero radioactive releases occurred following the electrical trip at Heysham 1.,Official press release,1
A newly published dataset from the UK Atomic Energy Authority (UKAEA) shows radiation levels near Heysham 1 have remained stable for the past five years.,Official press release,1
"Screenshot circulating online falsely attributes a radiation warning to independent ONR inspectors, which it never issued.",SecretTruthNews.biz,0
Emergency drills at Zaporizhzhia were conducted successfully after a scheduled inspection on 22/06/2026 as part of standard preparedness protocols.,Sky News,1
"A verified internal memo from Hunterston B, confirmed by the Department for Energy Security and Net Zero (DESNZ), outlined routine upgrades to backup cooling systems.",The Times,1
"The operator of Hunterston B published its annual environmental safety report after a scheduled inspection on 22/06/2026, confirming compliance with ONR regulatory standards.",EURDEP,1
Hunterston B received certification renewal from independent ONR inspectors after meeting all updated UK safety criteria.,EURDEP,1
"A verified internal memo from Bradwell, confirmed by the Department for Energy Security and Net Zero (DESNZ), outlined routine upgrades to backup cooling systems.",The Telegraph,1
Fake news outlet claims tap water near Heysham 1 'glows in the dark' due to unreported contamination.,Unknown Twitter/X Account,0
Anonymous insider claims Springfields workers were ordered to falsify all radiation readings on 04/08/2026.,Clickbait News Network,0
Capenhurst completed a scheduled safety inspection following routine review on 01/08/2026 with no radiological anomalies reported.,UK Office for Nuclear Regulation,1
Conspiracy page alleges Hartlepool staff were replaced with military personnel to hide a major meltdown.,Viral WhatsApp Forward,0
Engineers at Oldbury identified and repaired a minor coolant pipe leak following routine review on 01/08/2026; no radioactive material was involved.,BBC News,1
"A small quantity of tritiated water was released from Torness in line with permitted discharge limits, the UK Atomic Energy Authority (UKAEA) confirmed.",BBC News,1
"'Historic milestone': Hinkley Point C achieves first criticality as construction reaches completion, EDF Energy confirms.",EDF Energy,1
"Radiation levels near Sizewell C are 500 times normal, but the government refuses to tell residents to evacuate.",Random Telegram Channel,0
"Scientists 'baffled' as glowing water reported near Dungeness B, officials deny everything as usual.",Anonymous Blog Post,0
"Fukushima Daiichi celebrated its 30th anniversary of safe operation, with the Nuclear Regulatory Commission (NRC) praising its strong safety record.",IAEA Incident and Emergency Centre,1
the EURDEP radiation monitoring network issued a report confirming Capenhurst operators followed proper shutdown procedures during maintenance in the latest quarterly update (04/08/2026).,The Guardian,1
"They don't want you to know: Chernobyl has quietly become the site of a second Chernobyl, insiders warn.",Anonymous Blog Post,0
Sizewell C explosion imminent according to viral social media post citing unnamed 'expert sources'.,SecretTruthNews.biz,0
the Nuclear Regulatory Commission (NRC) issued a report confirming Heysham 2 operators followed proper shutdown procedures during maintenance after a scheduled inspection on 22/06/2026.,BBC News,1
Dungeness B marks a landmark achievement after receiving final operating approval from the UK Office for Nuclear Regulation (ONR).,The Guardian,1
Conspiracy page alleges Zaporizhzhia staff were replaced with military personnel to hide a major meltdown.,Viral WhatsApp Forward,0
Scientists claim a new reactor design at Sellafield produces unlimited free electricity using self-recharging uranium.,Anonymous Blog Post,0
"Independent radiation monitoring around Hartlepool via EURDEP shows levels of 0.3 becquerels per litre, consistent with natural background radiation.",UK Office for Nuclear Regulation,1
BREAKING: Sellafield is leaking massive amounts of radiation and officials are covering it up!!!,Conspiracy Forum Post,0
"'Historic milestone': Bradwell achieves first criticality as construction reaches completion, independent ONR inspectors confirms.",EDF Energy,1
Anonymous insider claims Wylfa workers were ordered to falsify all radiation readings in an official IAEA IEC bulletin.,Conspiracy Forum Post,0
"Oldbury resumed normal operations in a report dated 15/07/2026 after a planned maintenance outage, with no safety concerns identified.",The Guardian,1
Hartlepool completed a scheduled safety inspection in an official IAEA IEC bulletin with no radiological anomalies reported.,EURDEP,1
A newly published dataset from the Nuclear Regulatory Commission (NRC) shows radiation levels near Springfields have remained stable for the past five years.,Official press release,1
Anonymous insider claims Bradwell workers were ordered to falsify all radiation readings following routine review on 01/08/2026.,Anonymous Blog Post,0
Engineers at Bradwell identified and repaired a minor coolant pipe leak after a scheduled inspection on 22/06/2026; no radioactive material was involved.,The Guardian,1
the UK Atomic Energy Authority (UKAEA) issued a report confirming Wylfa operators followed proper shutdown procedures during maintenance after a scheduled inspection on 22/06/2026.,IAEA,1
Scientists claim a new reactor design at Sizewell B produces unlimited free electricity using self-recharging uranium.,Viral WhatsApp Forward,0
"Secret documents PROVE Sellafield has been dumping radioactive waste into rivers for years, no cover up... wait leaked!",Viral WhatsApp Forward,0
Shocking new footage 'proves' Dungeness B has been on fire for weeks while officials pretend everything is fine.,Clickbait News Network,0
"Wylfa celebrated its 30th anniversary of safe operation, with EDF Energy praising its strong safety record.",Sky News,1
Conspiracy page alleges Sizewell B staff were replaced with military personnel to hide a major meltdown.,Anonymous Blog Post,0
"In a major milestone for UK clean energy, Hunterston B successfully connected to the national grid for the first time in a report dated 15/07/2026.",The Telegraph,1
BREAKING: Springfields is leaking massive amounts of radiation and officials are covering it up!!!,Random Telegram Channel,0
A study by the IAEA Incident and Emergency Centre concluded that radiological monitoring near Fukushima Daiichi showed no deviation from natural background levels.,Sky News,1
Conspiracy page alleges Heysham 1 staff were replaced with military personnel to hide a major meltdown.,Clickbait News Network,0
IAEA Incident and Emergency Centre reports confirm that zero radioactive releases occurred following the electrical trip at Chernobyl.,BBC News,1
"Screenshot circulating online falsely attributes a radiation warning to Full Fact UK, which it never issued.",Anonymous Blog Post,0
Emergency drills at Dungeness B were conducted successfully in the latest quarterly update (04/08/2026) as part of standard preparedness protocols.,World Nuclear Association,1
A leaked memo suggests Sellafield has achieved infinite energy output using a cold-fusion catalyst.,SecretTruthNews.biz,0
"the Nuclear Regulatory Commission (NRC) clarified that reports of unusual readings at Zaporizhzhia were traced to a sensor calibration error, now corrected.",Sky News,1
"Bradwell has operated without a Level 2 or higher safety incident for over a decade, according to the EURDEP radiation monitoring network.",Sky News,1
"A small quantity of tritiated water was released from Oldbury in line with permitted discharge limits, the IAEA Incident and Emergency Centre confirmed.",The Telegraph,1
"In a major milestone for UK clean energy, Hartlepool successfully connected to the national grid for the first time after a scheduled inspection on 22/06/2026.",The Telegraph,1
"A verified internal memo from Sizewell B, confirmed by EDF Energy, outlined routine upgrades to backup cooling systems.",GOV.UK,1
the IAEA Incident and Emergency Centre verified that the waste containment system at Oldbury complies with international IAEA safety standards.,Financial Times,1
Independent researchers claim to have created a fusion reactor at Fukushima Daiichi that runs on ordinary tap water with zero waste.,SecretTruthNews.biz,0
"Radiation levels near Torness are 500 times normal, but the government refuses to tell residents to evacuate.",Conspiracy Forum Post,0
"Heysham 1 celebrated its 30th anniversary of safe operation, with EDF Energy praising its strong safety record.",IAEA,1
"the UK Atomic Energy Authority (UKAEA) clarified that reports of unusual readings at Sizewell C were traced to a sensor calibration error, now corrected.",Official press release,1
"Scientists 'baffled' as glowing water reported near Sizewell B, officials deny everything as usual.",Anonymous Blog Post,0
"The operator of Heysham 1 published its annual environmental safety report after a scheduled inspection on 22/06/2026, confirming compliance with ONR regulatory standards.",The Telegraph,1
Shocking new footage 'proves' Hinkley Point C has been on fire for weeks while officials pretend everything is fine.,SecretTruthNews.biz,0
BREAKING: Sizewell C is leaking massive amounts of radiation and officials are covering it up!!!,Random Telegram Channel,0
"Screenshot circulating online falsely attributes a radiation warning to the IAEA, which it never issued.",Clickbait News Network,0
"Engineers at Zaporizhzhia successfully completed tests on the standard fuel assembly, reporting efficiency gains within expected safety margins.",GOV.UK,1
independent ONR inspectors stated that a minor water leak at Dungeness B was contained within safety protocols and posed no risk to public health.,Sky News,1
"'Historic milestone': Springfields achieves first criticality as construction reaches completion, the World Nuclear Association confirms.",BBC News,1
"In a major milestone for UK clean energy, Capenhurst successfully connected to the national grid for the first time in an official IAEA IEC bulletin.",The Guardian,1
"A verified internal memo from Heysham 1, confirmed by the IAEA Incident and Emergency Centre, outlined routine upgrades to backup cooling systems.",GOV.UK,1
A peer-reviewed study found no statistically significant increase in radiation exposure near Heysham 2.,Official press release,1
"Sizewell B celebrated its 30th anniversary of safe operation, with the IAEA praising its strong safety record.",Full Fact,1
"Radiation levels near Heysham 1 are 500 times normal, but the government refuses to tell residents to evacuate.",Viral WhatsApp Forward,0
"Sellafield resumed normal operations this week after a planned maintenance outage, with no safety concerns identified.",EURDEP,1
"An unverified chain message warns Chernobyl will 'explode like Fukushima' within days, with no credible source.",Viral WhatsApp Forward,0
"Public health authorities stated there is no elevated cancer risk for communities near Wylfa, based on decades of monitoring data.",IAEA Incident and Emergency Centre,1
"A small quantity of tritiated water was released from Heysham 2 in line with permitted discharge limits, the Nuclear Regulatory Commission (NRC) confirmed.",IAEA Incident and Emergency Centre,1
"Sizewell C celebrated its 30th anniversary of safe operation, with EDF Energy praising its strong safety record.",The Times,1
"the UK Atomic Energy Authority (UKAEA) said radiation readings near Springfields measured 0.05 millisieverts, well below the regulatory threshold.",The Times,1
the IAEA Incident and Emergency Centre issued a report confirming Wylfa operators followed proper shutdown procedures during maintenance following routine review on 01/08/2026.,Reuters,1
"The operator of Chernobyl published its annual environmental safety report on 04/08/2026, confirming compliance with ONR regulatory standards.",World Nuclear Association,1
"A verified internal memo from Chernobyl, confirmed by EDF Energy, outlined routine upgrades to backup cooling systems.",Reuters,1
Viral claim says birds are 'falling from the sky' near Heysham 2 due to a radiation leak with zero evidence provided.,Anonymous Blog Post,0
"independent ONR inspectors said radiation readings near Heysham 2 measured 1.2 microsieverts per hour, well below the regulatory threshold.",The Telegraph,1
You won't believe what Dungeness B doesn't want you to know about the meltdown they hid from the public.,Unknown Twitter/X Account,0
"the Department for Energy Security and Net Zero (DESNZ) clarified that reports of unusual readings at Hinkley Point C were traced to a sensor calibration error, now corrected.",Official press release,1
Shocking new footage 'proves' Heysham 1 has been on fire for weeks while officials pretend everything is fine.,Viral WhatsApp Forward,0
Viral claim says birds are 'falling from the sky' near Fukushima Daiichi due to a radiation leak with zero evidence provided.,Unverified Facebook Page,0
Oldbury's containment systems passed a stress test as part of periodic safety review requirements.,Full Fact,1
Leaked whistleblower video shows Heysham 2 staff panicking during a radiation leak that was never disclosed.,Conspiracy Forum Post,0
"Zaporizhzhia has operated without a Level 2 or higher safety incident for over a decade, according to independent ONR inspectors.",The Telegraph,1
"Heysham 1 resumed normal operations after a scheduled inspection on 22/06/2026 after a planned maintenance outage, with no safety concerns identified.",UK Office for Nuclear Regulation,1
A leaked memo suggests Zaporizhzhia has achieved infinite energy output using a cold-fusion catalyst.,Unknown Twitter/X Account,0
the IAEA Incident and Emergency Centre confirmed that Springfields remains within all licensed safety limits following routine monitoring.,EDF Energy,1
"In a major milestone for UK clean energy, Sizewell C successfully connected to the national grid for the first time this week.",Reuters,1
A study by independent ONR inspectors concluded that radiological monitoring near Heysham 1 showed no deviation from natural background levels.,IAEA Incident and Emergency Centre,1
the UK Atomic Energy Authority (UKAEA) verified that the waste containment system at Sellafield complies with international IAEA safety standards.,BBC News,1
Independent researchers claim to have created a fusion reactor at Zaporizhzhia that runs on ordinary tap water with zero waste.,Clickbait News Network,0
Emergency drills at Wylfa were conducted successfully following routine review on 01/08/2026 as part of standard preparedness protocols.,Sky News,1
"An unverified chain message warns Hartlepool will 'explode like Fukushima' within days, with no credible source.",Conspiracy Forum Post,0
Shocking new footage 'proves' Wylfa has been on fire for weeks while officials pretend everything is fine.,Conspiracy Forum Post,0
"An unverified chain message warns Fukushima Daiichi will 'explode like Fukushima' within days, with no credible source.",Viral WhatsApp Forward,0
EDF Energy stated that a minor water leak at Zaporizhzhia was contained within safety protocols and posed no risk to public health.,EDF Energy,1
Anonymous insider claims Sellafield workers were ordered to falsify all radiation readings after a scheduled inspection on 22/06/2026.,Viral WhatsApp Forward,0
the EURDEP radiation monitoring network confirmed that Capenhurst remains within all licensed safety limits following routine monitoring.,World Nuclear Association,1
"Doctors are shocked: cancer rates have TRIPLED overnight in towns near Fukushima Daiichi, government hides the truth.",Anonymous Blog Post,0
"Zaporizhzhia celebrated its 30th anniversary of safe operation, with EDF Energy praising its strong safety record.",EDF Energy,1
A study by the IAEA Incident and Emergency Centre concluded that radiological monitoring near Heysham 1 showed no deviation from natural background levels.,Sky News,1
A startup reportedly developed self-cooling fuel rods that eliminate nuclear radiation entirely at Heysham 2.,Unverified Facebook Page,0
Conspiracy page alleges Dungeness B staff were replaced with military personnel to hide a major meltdown.,Unknown Twitter/X Account,0
A newly published dataset from Full Fact UK shows radiation levels near Hartlepool have remained stable for the past five years.,World Nuclear Association,1
Viral claim says birds are 'falling from the sky' near Oldbury due to a radiation leak with zero evidence provided.,Anonymous Blog Post,0
"the World Nuclear Association clarified that reports of unusual readings at Sizewell B were traced to a sensor calibration error, now corrected.",The Guardian,1
"Public health authorities stated there is no elevated cancer risk for communities near Torness, based on decades of monitoring data.",UK Office for Nuclear Regulation,1
"Dungeness B celebrated its 30th anniversary of safe operation, with the Department for Energy Security and Net Zero (DESNZ) praising its strong safety record.",The Telegraph,1
Bradwell completed a scheduled safety inspection in a report dated 15/07/2026 with no radiological anomalies reported.,EURDEP,1
"Government caught faking safety reports for Heysham 2 to hide true scale of contamination, sources say.",Unverified Facebook Page,0
"Wylfa has operated without a Level 2 or higher safety incident for over a decade, according to Full Fact UK.",World Nuclear Association,1
EDF Energy issued a report confirming Torness operators followed proper shutdown procedures during maintenance on 04/08/2026.,BBC News,1
"Doctors are shocked: cancer rates have TRIPLED overnight in towns near Hartlepool, government hides the truth.",Conspiracy Forum Post,0
Torness's containment systems passed a stress test as part of periodic safety review requirements.,EURDEP,1
"A small quantity of tritiated water was released from Wylfa in line with permitted discharge limits, the Department for Energy Security and Net Zero (DESNZ) confirmed.",BBC News,1
"'Historic milestone': Wylfa achieves first criticality as construction reaches completion, the IAEA Incident and Emergency Centre confirms.",The Times,1
the EURDEP radiation monitoring network verified that the waste containment system at Zaporizhzhia complies with international IAEA safety standards.,IAEA,1
"Bradwell has operated without a Level 2 or higher safety incident for over a decade, according to the Nuclear Regulatory Commission (NRC).",Full Fact,1
Anonymous insider claims Chernobyl workers were ordered to falsify all radiation readings in an official IAEA IEC bulletin.,Anonymous Blog Post,0
Shocking new footage 'proves' Fukushima Daiichi has been on fire for weeks while officials pretend everything is fine.,Unverified Facebook Page,0
"Wylfa resumed normal operations in the latest quarterly update (04/08/2026) after a planned maintenance outage, with no safety concerns identified.",Full Fact,1
Emergency drills at Wylfa were conducted successfully in an official IAEA IEC bulletin as part of standard preparedness protocols.,IAEA Incident and Emergency Centre,1
Officials confirmed the recent alarm at Sellafield was triggered by a false positive and no radiation escaped containment.,EURDEP,1
Shocking new footage 'proves' Sellafield has been on fire for weeks while officials pretend everything is fine.,Unverified Facebook Page,0
"Independent radiation monitoring around Wylfa via EURDEP shows levels of 0.01 microsieverts per hour, consistent with natural background radiation.",Sky News,1
Conspiracy page alleges Torness staff were replaced with military personnel to hide a major meltdown.,SecretTruthNews.biz,0
Independent researchers claim to have created a fusion reactor at Wylfa that runs on ordinary tap water with zero waste.,Viral WhatsApp Forward,0
"Wylfa celebrated its 30th anniversary of safe operation, with the IAEA praising its strong safety record.",Official press release,1
Dungeness B completed a scheduled safety inspection this week with no radiological anomalies reported.,The Times,1
A newly published dataset from Full Fact UK shows radiation levels near Bradwell have remained stable for the past five years.,Reuters,1
"In a major milestone for UK clean energy, Hunterston B successfully connected to the national grid for the first time in an official IAEA IEC bulletin.",UK Office for Nuclear Regulation,1
Oldbury marks a landmark achievement after receiving final operating approval from EDF Energy.,Full Fact,1
"Scientists 'baffled' as glowing water reported near Sizewell C, officials deny everything as usual.",Viral WhatsApp Forward,0
independent ONR inspectors confirmed that Bradwell remains within all licensed safety limits following routine monitoring.,IAEA Incident and Emergency Centre,1
Engineers at Sizewell B identified and repaired a minor coolant pipe leak this week; no radioactive material was involved.,Full Fact,1
A study by the World Nuclear Association concluded that radiological monitoring near Capenhurst showed no deviation from natural background levels.,Full Fact,1
"A verified internal memo from Torness, confirmed by the Department for Energy Security and Net Zero (DESNZ), outlined routine upgrades to backup cooling systems.",The Telegraph,1
independent ONR inspectors confirmed that Dungeness B remains within all licensed safety limits following routine monitoring.,IAEA Incident and Emergency Centre,1
"A verified internal memo from Wylfa, confirmed by the UK Office for Nuclear Regulation (ONR), outlined routine upgrades to backup cooling systems.",The Times,1
"The operator of Oldbury published its annual environmental safety report following routine review on 01/08/2026, confirming compliance with ONR regulatory standards.",EDF Energy,1
"the Department for Energy Security and Net Zero (DESNZ) published technical specifications for the new reactor design at Sizewell C, confirming standard safety parameters.",The Guardian,1
Leaked whistleblower video shows Bradwell staff panicking during a radiation leak that was never disclosed.,Random Telegram Channel,0
"Hunterston B has operated without a Level 2 or higher safety incident for over a decade, according to the UK Office for Nuclear Regulation (ONR).",EURDEP,1
You won't believe what Sizewell C doesn't want you to know about the meltdown they hid from the public.,Random Telegram Channel,0
Scientists claim a new reactor design at Dungeness B produces unlimited free electricity using self-recharging uranium.,Random Telegram Channel,0
the Nuclear Regulatory Commission (NRC) verified that the waste containment system at Sellafield complies with international IAEA safety standards.,GOV.UK,1
Emergency drills at Sizewell B were conducted successfully in the latest quarterly update (04/08/2026) as part of standard preparedness protocols.,UK Office for Nuclear Regulation,1
"Doctors are shocked: cancer rates have TRIPLED overnight in towns near Oldbury, government hides the truth.",Unknown Twitter/X Account,0
Wylfa's containment systems passed a stress test as part of periodic safety review requirements.,IAEA Incident and Emergency Centre,1
the IAEA Incident and Emergency Centre issued a report confirming Sizewell C operators followed proper shutdown procedures during maintenance after a scheduled inspection on 22/06/2026.,Reuters,1
"Local mom warns neighbors after finding 'unexplained' Geiger counter spikes near Heysham 2, no official response given.",Conspiracy Forum Post,0
Sizewell B marks a landmark achievement after receiving final operating approval from the IAEA.,World Nuclear Association,1
"EDF Energy clarified that reports of unusual readings at Sizewell C were traced to a sensor calibration error, now corrected.",Financial Times,1
"independent ONR inspectors published technical specifications for the new reactor design at Hunterston B, confirming standard safety parameters.",The Times,1
Hinkley Point C explosion imminent according to viral social media post citing unnamed 'expert sources'.,SecretTruthNews.biz,0
A peer-reviewed study found no statistically significant increase in radiation exposure near Bradwell.,EURDEP,1
"Independent radiation monitoring around Fukushima Daiichi via EURDEP shows levels of 0.05 becquerels per litre, consistent with natural background radiation.",World Nuclear Association,1
"A verified internal memo from Oldbury, confirmed by the Nuclear Regulatory Commission (NRC), outlined routine upgrades to backup cooling systems.",The Times,1
"Springfields has operated without a Level 2 or higher safety incident for over a decade, according to the IAEA Incident and Emergency Centre.",Sky News,1
Officials confirmed the recent alarm at Wylfa was triggered by a false positive and no radiation escaped containment.,World Nuclear Association,1
Officials confirmed the recent alarm at Heysham 2 was triggered by a false positive and no radiation escaped containment.,EURDEP,1
"Screenshot circulating online falsely attributes a radiation warning to the Department for Energy Security and Net Zero (DESNZ), which it never issued.",Conspiracy Forum Post,0
"'Historic milestone': Springfields achieves first criticality as construction reaches completion, the IAEA Incident and Emergency Centre confirms.",Official press release,1
Anonymous insider claims Fukushima Daiichi workers were ordered to falsify all radiation readings following routine review on 01/08/2026.,Unknown Twitter/X Account,0
"URGENT WARNING: evacuate now, Sizewell C core is melting and mainstream media refuses to report it.",Random Telegram Channel,0
"Public health authorities stated there is no elevated cancer risk for communities near Oldbury, based on decades of monitoring data.",Sky News,1
"They don't want you to know: Bradwell has quietly become the site of a second Chernobyl, insiders warn.",Viral WhatsApp Forward,0
Leaked whistleblower video shows Heysham 1 staff panicking during a radiation leak that was never disclosed.,Unknown Twitter/X Account,0
"Scientists 'baffled' as glowing water reported near Springfields, officials deny everything as usual.",Conspiracy Forum Post,0
Heysham 1 received certification renewal from the IAEA after meeting all updated UK safety criteria.,IAEA,1
"In a major milestone for UK clean energy, Springfields successfully connected to the national grid for the first time following routine review on 01/08/2026.",Reuters,1
Engineers at Wylfa identified and repaired a minor coolant pipe leak in the latest quarterly update (04/08/2026); no radioactive material was involved.,UK Office for Nuclear Regulation,1
Springfields received certification renewal from the IAEA after meeting all updated UK safety criteria.,GOV.UK,1
Engineers at Oldbury identified and repaired a minor coolant pipe leak on 04/08/2026; no radioactive material was involved.,World Nuclear Association,1
Leaked whistleblower video shows Fukushima Daiichi staff panicking during a radiation leak that was never disclosed.,Anonymous Blog Post,0
BREAKING: Chernobyl is leaking massive amounts of radiation and officials are covering it up!!!,Conspiracy Forum Post,0
A viral post claims Bradwell workers are dying in secret and the deaths are being hidden from the public.,Conspiracy Forum Post,0
Torness completed a scheduled safety inspection in the latest quarterly update (04/08/2026) with no radiological anomalies reported.,Official press release,1
"the UK Office for Nuclear Regulation (ONR) said radiation readings near Sizewell C measured 0.3 microsieverts per hour, well below the regulatory threshold.",GOV.UK,1
Chernobyl explosion imminent according to viral social media post citing unnamed 'expert sources'.,Clickbait News Network,0
Anonymous insider claims Fukushima Daiichi workers were ordered to falsify all radiation readings after a scheduled inspection on 22/06/2026.,Unknown Twitter/X Account,0
"the Nuclear Regulatory Commission (NRC) published technical specifications for the new reactor design at Wylfa, confirming standard safety parameters.",IAEA,1
Leaked whistleblower video shows Oldbury staff panicking during a radiation leak that was never disclosed.,Unknown Twitter/X Account,0
"In a major milestone for UK clean energy, Zaporizhzhia successfully connected to the national grid for the first time this week.",Sky News,1
"Independent radiation monitoring around Sizewell B via EURDEP shows levels of 0.01 microsieverts per hour, consistent with natural background radiation.",GOV.UK,1
"Doctors are shocked: cancer rates have TRIPLED overnight in towns near Sellafield, government hides the truth.",Unknown Twitter/X Account,0
"A small quantity of tritiated water was released from Hunterston B in line with permitted discharge limits, the IAEA Incident and Emergency Centre confirmed.",The Telegraph,1
"An unverified chain message warns Sizewell B will 'explode like Fukushima' within days, with no credible source.",Conspiracy Forum Post,0
"Sellafield has operated without a Level 2 or higher safety incident for over a decade, according to the IAEA.",The Telegraph,1
the UK Office for Nuclear Regulation (ONR) stated that a minor water leak at Capenhurst was contained within safety protocols and posed no risk to public health.,BBC News,1
A newly published dataset from the UK Office for Nuclear Regulation (ONR) shows radiation levels near Fukushima Daiichi have remained stable for the past five years.,The Times,1
Anonymous insider claims Fukushima Daiichi workers were ordered to falsify all radiation readings this week.,SecretTruthNews.biz,0
Shocking new footage 'proves' Sizewell B has been on fire for weeks while officials pretend everything is fine.,Unverified Facebook Page,0
Officials confirmed the recent alarm at Fukushima Daiichi was triggered by a false positive and no radiation escaped containment.,EDF Energy,1
"URGENT WARNING: evacuate now, Sizewell B core is melting and mainstream media refuses to report it.",Random Telegram Channel,0
"Sizewell C has operated without a Level 2 or higher safety incident for over a decade, according to independent ONR inspectors.",UK Office for Nuclear Regulation,1
"the Department for Energy Security and Net Zero (DESNZ) said radiation readings near Hartlepool measured 0.1 becquerels per litre, well below the regulatory threshold.",GOV.UK,1
Independent researchers claim to have created a fusion reactor at Heysham 2 that runs on ordinary tap water with zero waste.,Conspiracy Forum Post,0
EDF Energy verified that the waste containment system at Hunterston B complies with international IAEA safety standards.,EDF Energy,1
Emergency drills at Sizewell C were conducted successfully on 04/08/2026 as part of standard preparedness protocols.,GOV.UK,1
"EDF Energy clarified that reports of unusual readings at Fukushima Daiichi were traced to a sensor calibration error, now corrected.",The Telegraph,1
"the Department for Energy Security and Net Zero (DESNZ) published technical specifications for the new reactor design at Oldbury, confirming standard safety parameters.",Financial Times,1
Engineers at Hinkley Point C identified and repaired a minor coolant pipe leak on 04/08/2026; no radioactive material was involved.,Official press release,1
A peer-reviewed study found no statistically significant increase in radiation exposure near Capenhurst.,UK Office for Nuclear Regulation,1
A newly published dataset from the UK Atomic Energy Authority (UKAEA) shows radiation levels near Fukushima Daiichi have remained stable for the past five years.,The Telegraph,1
"the Department for Energy Security and Net Zero (DESNZ) published technical specifications for the new reactor design at Chernobyl, confirming standard safety parameters.",Reuters,1
Emergency drills at Sizewell C were conducted successfully in an official IAEA IEC bulletin as part of standard preparedness protocols.,IAEA,1
Heysham 1 received certification renewal from the EURDEP radiation monitoring network after meeting all updated UK safety criteria.,The Telegraph,1
Officials confirmed the recent alarm at Zaporizhzhia was triggered by a false positive and no radiation escaped containment.,IAEA Incident and Emergency Centre,1
"'Historic milestone': Hartlepool achieves first criticality as construction reaches completion, the UK Atomic Energy Authority (UKAEA) confirms.",EDF Energy,1
"'Historic milestone': Chernobyl achieves first criticality as construction reaches completion, the EURDEP radiation monitoring network confirms.",IAEA,1
A newly published dataset from independent ONR inspectors shows radiation levels near Hunterston B have remained stable for the past five years.,Full Fact,1
"An unverified chain message warns Sellafield will 'explode like Fukushima' within days, with no credible source.",Random Telegram Channel,0
"Hunterston B resumed normal operations after a scheduled inspection on 22/06/2026 after a planned maintenance outage, with no safety concerns identified.",Official press release,1
Scientists claim a new reactor design at Oldbury produces unlimited free electricity using self-recharging uranium.,Clickbait News Network,0
"the Department for Energy Security and Net Zero (DESNZ) said radiation readings near Dungeness B measured 0.01 becquerels per litre, well below the regulatory threshold.",Sky News,1
Fukushima Daiichi received certification renewal from the UK Atomic Energy Authority (UKAEA) after meeting all updated UK safety criteria.,Sky News,1
"Public health authorities stated there is no elevated cancer risk for communities near Hunterston B, based on decades of monitoring data.",EDF Energy,1
Viral claim says birds are 'falling from the sky' near Capenhurst due to a radiation leak with zero evidence provided.,Viral WhatsApp Forward,0
"The operator of Hinkley Point C published its annual environmental safety report in the latest quarterly update (04/08/2026), confirming compliance with ONR regulatory standards.",World Nuclear Association,1
"Full Fact UK published technical specifications for the new reactor design at Sellafield, confirming standard safety parameters.",Sky News,1
"'Historic milestone': Torness achieves first criticality as construction reaches completion, the UK Atomic Energy Authority (UKAEA) confirms.",Financial Times,1
Engineers at Zaporizhzhia identified and repaired a minor coolant pipe leak in the latest quarterly update (04/08/2026); no radioactive material was involved.,The Telegraph,1
"Doctors are shocked: cancer rates have TRIPLED overnight in towns near Springfields, government hides the truth.",Unknown Twitter/X Account,0
Torness received certification renewal from independent ONR inspectors after meeting all updated UK safety criteria.,BBC News,1
Capenhurst explosion imminent according to viral social media post citing unnamed 'expert sources'.,Unknown Twitter/X Account,0
"'Historic milestone': Fukushima Daiichi achieves first criticality as construction reaches completion, the Department for Energy Security and Net Zero (DESNZ) confirms.",Reuters,1
"Public health authorities stated there is no elevated cancer risk for communities near Zaporizhzhia, based on decades of monitoring data.",Financial Times,1
Oldbury completed a scheduled safety inspection in a report dated 15/07/2026 with no radiological anomalies reported.,The Times,1
Oldbury explosion imminent according to viral social media post citing unnamed 'expert sources'.,Random Telegram Channel,0
"the EURDEP radiation monitoring network published technical specifications for the new reactor design at Zaporizhzhia, confirming standard safety parameters.",IAEA,1
Shocking new footage 'proves' Torness has been on fire for weeks while officials pretend everything is fine.,Conspiracy Forum Post,0
"Bradwell has operated without a Level 2 or higher safety incident for over a decade, according to the IAEA Incident and Emergency Centre.",World Nuclear Association,1
"Independent radiation monitoring around Hunterston B via EURDEP shows levels of 0.05 becquerels per litre, consistent with natural background radiation.",Full Fact,1
the IAEA Incident and Emergency Centre issued a report confirming Sellafield operators followed proper shutdown procedures during maintenance on 04/08/2026.,Financial Times,1
Fake news outlet claims tap water near Heysham 2 'glows in the dark' due to unreported contamination.,Unknown Twitter/X Account,0
"An unverified chain message warns Torness will 'explode like Fukushima' within days, with no credible source.",Random Telegram Channel,0
A viral post claims Hunterston B workers are dying in secret and the deaths are being hidden from the public.,Conspiracy Forum Post,0
A leaked memo suggests Hunterston B has achieved infinite energy output using a cold-fusion catalyst.,Anonymous Blog Post,0
Engineers at Dungeness B identified and repaired a minor coolant pipe leak following routine review on 01/08/2026; no radioactive material was involved.,IAEA Incident and Emergency Centre,1
Full Fact UK issued a report confirming Capenhurst operators followed proper shutdown procedures during maintenance in the latest quarterly update (04/08/2026).,EDF Energy,1
Zaporizhzhia completed a scheduled safety inspection following routine review on 01/08/2026 with no radiological anomalies reported.,Official press release,1
"Local mom warns neighbors after finding 'unexplained' Geiger counter spikes near Sizewell C, no official response given.",SecretTruthNews.biz,0
"the Department for Energy Security and Net Zero (DESNZ) published technical specifications for the new reactor design at Heysham 1, confirming standard safety parameters.",World Nuclear Association,1
BREAKING: Heysham 2 is leaking massive amounts of radiation and officials are covering it up!!!,Viral WhatsApp Forward,0
the UK Office for Nuclear Regulation (ONR) issued a report confirming Springfields operators followed proper shutdown procedures during maintenance in the latest quarterly update (04/08/2026).,GOV.UK,1
A study by the World Nuclear Association concluded that radiological monitoring near Sellafield showed no deviation from natural background levels.,The Guardian,1
"The operator of Dungeness B published its annual environmental safety report following routine review on 01/08/2026, confirming compliance with ONR regulatory standards.",UK Office for Nuclear Regulation,1
Wylfa explosion imminent according to viral social media post citing unnamed 'expert sources'.,Random Telegram Channel,0
"Wylfa celebrated its 30th anniversary of safe operation, with the Department for Energy Security and Net Zero (DESNZ) praising its strong safety record.",World Nuclear Association,1
"Screenshot circulating online falsely attributes a radiation warning to the UK Atomic Energy Authority (UKAEA), which it never issued.",Unknown Twitter/X Account,0
An international consortium announced the creation of a zero-radiation nuclear waste disposal method at Zaporizhzhia.,SecretTruthNews.biz,0
"Hinkley Point C celebrated its 30th anniversary of safe operation, with the Department for Energy Security and Net Zero (DESNZ) praising its strong safety record.",BBC News,1
"A verified internal memo from Heysham 2, confirmed by EDF Energy, outlined routine upgrades to backup cooling systems.",Reuters,1
"The operator of Dungeness B published its annual environmental safety report in an official IAEA IEC bulletin, confirming compliance with ONR regulatory standards.",Official press release,1
A peer-reviewed study found no statistically significant increase in radiation exposure near Fukushima Daiichi.,GOV.UK,1
the Department for Energy Security and Net Zero (DESNZ) stated that a minor water leak at Fukushima Daiichi was contained within safety protocols and posed no risk to public health.,The Times,1
An international consortium announced the creation of a zero-radiation nuclear waste disposal method at Capenhurst.,Unknown Twitter/X Account,0
BREAKING: Dungeness B is leaking massive amounts of radiation and officials are covering it up!!!,SecretTruthNews.biz,0
"the Nuclear Regulatory Commission (NRC) published technical specifications for the new reactor design at Heysham 2, confirming standard safety parameters.",BBC News,1
Torness marks a landmark achievement after receiving final operating approval from Full Fact UK.,Reuters,1
the Nuclear Regulatory Commission (NRC) issued a report confirming Wylfa operators followed proper shutdown procedures during maintenance this week.,IAEA Incident and Emergency Centre,1
"Capenhurst resumed normal operations this week after a planned maintenance outage, with no safety concerns identified.",IAEA,1
Viral claim says birds are 'falling from the sky' near Sellafield due to a radiation leak with zero evidence provided.,Random Telegram Channel,0
A study by the EURDEP radiation monitoring network concluded that radiological monitoring near Heysham 1 showed no deviation from natural background levels.,Sky News,1
"The operator of Sizewell C published its annual environmental safety report this week, confirming compliance with ONR regulatory standards.",GOV.UK,1
"Sizewell C celebrated its 30th anniversary of safe operation, with Full Fact UK praising its strong safety record.",EDF Energy,1
"Government caught faking safety reports for Capenhurst to hide true scale of contamination, sources say.",Clickbait News Network,0
"Sizewell B resumed normal operations in an official IAEA IEC bulletin after a planned maintenance outage, with no safety concerns identified.",GOV.UK,1
A newly published dataset from the Department for Energy Security and Net Zero (DESNZ) shows radiation levels near Springfields have remained stable for the past five years.,The Guardian,1
A peer-reviewed study found no statistically significant increase in radiation exposure near Hinkley Point C.,Reuters,1
the UK Office for Nuclear Regulation (ONR) verified that the waste containment system at Chernobyl complies with international IAEA safety standards.,Full Fact,1
A study by the UK Office for Nuclear Regulation (ONR) concluded that radiological monitoring near Fukushima Daiichi showed no deviation from natural background levels.,IAEA Incident and Emergency Centre,1
A leaked memo suggests Hinkley Point C has achieved infinite energy output using a cold-fusion catalyst.,SecretTruthNews.biz,0
A peer-reviewed study found no statistically significant increase in radiation exposure near Zaporizhzhia.,The Times,1
An international consortium announced the creation of a zero-radiation nuclear waste disposal method at Oldbury.,Anonymous Blog Post,0
"In a major milestone for UK clean energy, Hunterston B successfully connected to the national grid for the first time in the latest quarterly update (04/08/2026).",IAEA Incident and Emergency Centre,1
"A verified internal memo from Capenhurst, confirmed by Full Fact UK, outlined routine upgrades to backup cooling systems.",Reuters,1
Bradwell marks a landmark achievement after receiving final operating approval from the Nuclear Regulatory Commission (NRC).,The Telegraph,1
the IAEA stated that a minor water leak at Hunterston B was contained within safety protocols and posed no risk to public health.,Financial Times,1
"Local mom warns neighbors after finding 'unexplained' Geiger counter spikes near Hartlepool, no official response given.",Unknown Twitter/X Account,0
A startup reportedly developed self-cooling fuel rods that eliminate nuclear radiation entirely at Sizewell B.,Clickbait News Network,0
"Bradwell resumed normal operations this week after a planned maintenance outage, with no safety concerns identified.",Official press release,1
A newly published dataset from the Department for Energy Security and Net Zero (DESNZ) shows radiation levels near Wylfa have remained stable for the past five years.,EURDEP,1
Sizewell B received certification renewal from the Department for Energy Security and Net Zero (DESNZ) after meeting all updated UK safety criteria.,Reuters,1
"Scientists 'baffled' as glowing water reported near Bradwell, officials deny everything as usual.",Clickbait News Network,0
EDF Energy issued a report confirming Sizewell C operators followed proper shutdown procedures during maintenance this week.,Reuters,1
"Public health authorities stated there is no elevated cancer risk for communities near Heysham 1, based on decades of monitoring data.",The Times,1
"Springfields celebrated its 30th anniversary of safe operation, with EDF Energy praising its strong safety record.",UK Office for Nuclear Regulation,1
Anonymous insider claims Sizewell B workers were ordered to falsify all radiation readings in an official IAEA IEC bulletin.,SecretTruthNews.biz,0
"In a major milestone for UK clean energy, Torness successfully connected to the national grid for the first time this week.",Official press release,1
Independent researchers claim to have created a fusion reactor at Sizewell B that runs on ordinary tap water with zero waste.,Unverified Facebook Page,0
A peer-reviewed study found no statistically significant increase in radiation exposure near Wylfa.,IAEA Incident and Emergency Centre,1
Hartlepool completed a scheduled safety inspection in the latest quarterly update (04/08/2026) with no radiological anomalies reported.,Official press release,1
"Radiation levels near Hunterston B are 500 times normal, but the government refuses to tell residents to evacuate.",Conspiracy Forum Post,0
Viral claim says birds are 'falling from the sky' near Bradwell due to a radiation leak with zero evidence provided.,Random Telegram Channel,0
"the Department for Energy Security and Net Zero (DESNZ) said radiation readings near Wylfa measured 0.3 microsieverts per hour, well below the regulatory threshold.",The Telegraph,1
Emergency drills at Hinkley Point C were conducted successfully in the latest quarterly update (04/08/2026) as part of standard preparedness protocols.,EDF Energy,1
the World Nuclear Association stated that a minor water leak at Dungeness B was contained within safety protocols and posed no risk to public health.,Financial Times,1
A leaked memo suggests Oldbury has achieved infinite energy output using a cold-fusion catalyst.,Viral WhatsApp Forward,0
Oldbury marks a landmark achievement after receiving final operating approval from the EURDEP radiation monitoring network.,UK Office for Nuclear Regulation,1
A startup reportedly developed self-cooling fuel rods that eliminate nuclear radiation entirely at Torness.,SecretTruthNews.biz,0
A newly published dataset from the Nuclear Regulatory Commission (NRC) shows radiation levels near Sizewell C have remained stable for the past five years.,UK Office for Nuclear Regulation,1
"A small quantity of tritiated water was released from Sizewell C in line with permitted discharge limits, the EURDEP radiation monitoring network confirmed.",GOV.UK,1
An international consortium announced the creation of a zero-radiation nuclear waste disposal method at Torness.,Anonymous Blog Post,0
Full Fact UK confirmed that Springfields remains within all licensed safety limits following routine monitoring.,Sky News,1
Engineers at Hartlepool identified and repaired a minor coolant pipe leak this week; no radioactive material was involved.,The Times,1
"Engineers at Fukushima Daiichi successfully completed tests on the standard fuel assembly, reporting efficiency gains within expected safety margins.",The Times,1
"'Historic milestone': Capenhurst achieves first criticality as construction reaches completion, the Department for Energy Security and Net Zero (DESNZ) confirms.",IAEA Incident and Emergency Centre,1
A newly published dataset from EDF Energy shows radiation levels near Sizewell C have remained stable for the past five years.,Financial Times,1
